{
    "loss": 2.2633349895477295,
    "accuracy": 0.4568527936935425
}