{
    "loss": 2.095445156097412,
    "accuracy": 0.6142131686210632
}