{
    "loss": 1.8261058330535889,
    "accuracy": 0.5076141953468323
}