{
    "loss": 2.8353371620178223,
    "accuracy": 0.4314720928668976
}